{
  "image": "/home/airkon/1107/AIRKON/und_remap2.jpg",
  "H": [
    [
      -0.00719613487161009,
      -0.030450959780552383,
      56.40370550927269
    ],
    [
      -0.052056105655994105,
      0.037747182100487206,
      56.565713467002084
    ],
    [
      1.5125977910962441e-05,
      0.001728931988365826,
      0.9999999999999999
    ]
  ],
  "width": 1536,
  "height": 864,
  "z_plane": 0.0,
  "stride": 2,
  "pairs": {
    "image_xy": [
      [
        1387.0,
        754.0
      ],
      [
        1304.0,
        570.0
      ],
      [
        1200.0,
        789.0
      ],
      [
        1128.0,
        593.0
      ],
      [
        1071.0,
        440.0
      ],
      [
        1026.0,
        319.0
      ],
      [
        985.0,
        227.0
      ],
      [
        981.0,
        818.0
      ],
      [
        938.0,
        613.0
      ],
      [
        905.0,
        458.0
      ],
      [
        871.0,
        331.0
      ],
      [
        848.0,
        240.0
      ],
      [
        832.0,
        166.0
      ],
      [
        952.0,
        150.0
      ],
      [
        926.0,
        94.0
      ],
      [
        815.0,
        101.0
      ],
      [
        752.0,
        852.0
      ],
      [
        742.0,
        636.0
      ],
      [
        724.0,
        470.0
      ],
      [
        720.0,
        352.0
      ],
      [
        709.0,
        254.0
      ],
      [
        707.0,
        176.0
      ],
      [
        703.0,
        113.0
      ],
      [
        528.0,
        670.0
      ]
    ],
    "world_xy": [
      [
        10.0,
        5.0
      ],
      [
        15.0,
        5.0
      ],
      [
        10.0,
        10.0
      ],
      [
        15.0,
        10.0
      ],
      [
        20.0,
        10.0
      ],
      [
        25.0,
        10.0
      ],
      [
        30.0,
        10.0
      ],
      [
        10.0,
        15.0
      ],
      [
        15.0,
        15.0
      ],
      [
        20.0,
        15.0
      ],
      [
        25.0,
        15.0
      ],
      [
        30.0,
        15.0
      ],
      [
        35.0,
        15.0
      ],
      [
        35.0,
        10.0
      ],
      [
        40.0,
        10.0
      ],
      [
        45.0,
        15.0
      ],
      [
        10.0,
        20.0
      ],
      [
        15.0,
        20.0
      ],
      [
        20.0,
        20.0
      ],
      [
        25.0,
        20.0
      ],
      [
        30.0,
        20.0
      ],
      [
        35.0,
        20.0
      ],
      [
        40.0,
        20.0
      ],
      [
        15.0,
        25.0
      ]
    ]
  }
}