{
  "image": "/home/airkon/1107/AIRKON/und_remap1.jpg",
  "H": [
    [
      0.02485221302666529,
      0.01634259932945235,
      -2.3514699204582974
    ],
    [
      0.00448502858878954,
      -0.023074043310581997,
      19.800768065047148
    ],
    [
      -7.955256511280525e-05,
      0.0005742069896904321,
      1.0
    ]
  ],
  "width": 1536,
  "height": 864,
  "z_plane": 0.0,
  "stride": 2,
  "pairs": {
    "image_xy": [
      [
        229.0,
        613.0
      ],
      [
        470.0,
        658.0
      ],
      [
        715.0,
        709.0
      ],
      [
        317.0,
        399.0
      ],
      [
        534.0,
        440.0
      ],
      [
        760.0,
        481.0
      ],
      [
        981.0,
        517.0
      ],
      [
        1204.0,
        558.0
      ],
      [
        391.0,
        221.0
      ],
      [
        591.0,
        254.0
      ],
      [
        793.0,
        291.0
      ],
      [
        993.0,
        331.0
      ],
      [
        1199.0,
        368.0
      ],
      [
        816.0,
        139.0
      ],
      [
        1007.0,
        174.0
      ],
      [
        1197.0,
        203.0
      ]
    ],
    "world_xy": [
      [
        10.0,
        5.0
      ],
      [
        15.0,
        5.0
      ],
      [
        20.0,
        5.0
      ],
      [
        10.0,
        10.0
      ],
      [
        15.0,
        10.0
      ],
      [
        20.0,
        10.0
      ],
      [
        25.0,
        10.0
      ],
      [
        30.0,
        10.0
      ],
      [
        10.0,
        15.0
      ],
      [
        15.0,
        15.0
      ],
      [
        20.0,
        15.0
      ],
      [
        25.0,
        15.0
      ],
      [
        30.0,
        15.0
      ],
      [
        20.0,
        20.0
      ],
      [
        25.0,
        20.0
      ],
      [
        30.0,
        20.0
      ]
    ]
  }
}